title,genre,description
Avatar,Action|Adventure|Sci-Fi,A marine joins an alien world and fights to protect it.
Avengers Endgame,Action|Adventure|Sci-Fi,Superheroes unite to defeat a powerful enemy and save the universe.
Iron Man,Action|Adventure|Sci-Fi,A genius inventor becomes a superhero using advanced technology.
Spider-Man,Action|Adventure|Fantasy,A young student gains spider powers and becomes a superhero.
Batman Begins,Action|Crime|Drama,A man becomes Batman to fight crime and protect his city.
The Dark Knight,Action|Crime|Drama,Batman faces a dangerous criminal who creates chaos in Gotham.
Interstellar,Sci-Fi|Drama|Adventure,A group of astronauts travels through space searching for a new home.
Inception,Sci-Fi|Action|Thriller,A skilled thief enters dreams to perform a difficult mission.
Jurassic Park,Adventure|Sci-Fi|Thriller,Scientists create dinosaurs and struggle to survive when they escape.
Titanic,Romance|Drama,A young couple from different social backgrounds falls in love on a ship.
The Notebook,Romance|Drama,A romantic story about two people whose love survives many challenges.
La La Land,Romance|Drama|Music,Two artists fall in love while trying to achieve their dreams.
The Hangover,Comedy,A group of friends faces a series of unexpected events after a party.
3 Idiots,Comedy|Drama,Three college friends experience friendship education and life challenges.
Home Alone,Comedy|Family,A young boy protects his home from two burglars.
Toy Story,Animation|Adventure|Comedy,Toys come to life and experience friendship and adventure.
Finding Nemo,Animation|Adventure|Family,A father searches for his missing son across the ocean.
The Lion King,Animation|Adventure|Drama,A young lion learns to become the king after facing difficult challenges.
The Conjuring,Horror|Mystery,A family experiences supernatural events after moving into a new house.
Insidious,Horror|Mystery|Thriller,A family encounters mysterious supernatural forces.
